Episode;Season;Year;Title
dis_000;dis_s1;2017;The Vulcan Hello
dis_001;dis_s1;2017;Battle at the Binary Stars
dis_002;dis_s1;2017;Context is for Kings
dis_003;dis_s1;2017;The Butcher's Knife Cares Not for the Lamb's Cry
dis_004;dis_s1;2017;Choose Your Pain
dis_005;dis_s1;2017;Lethe
dis_006;dis_s1;2017;Magic to Make the Sanest Man Go Mad
dis_007;dis_s1;2017;Si Vis Pacem, Para Bellum
dis_008;dis_s1;2017;Into the Forest I Go
dis_009;dis_s1;2018;Despite Yourself
dis_010;dis_s1;2018;The Wolf Inside
dis_011;dis_s1;2018;Vaulting Ambition
dis_012;dis_s1;2018;What's Past is Prologue
dis_013;dis_s1;2018;The War Without, The War Within
dis_014;dis_s1;2018;Will You Take My Hand?
dis_015;dis_s2;2019;Brother
dis_016;dis_s2;2019;New Eden
dis_017;dis_s2;2019;Point of Light
dis_018;dis_s2;2019;An Obol for Charon
dis_019;dis_s2;2019;Saints of Imperfection
dis_020;dis_s2;2019;The Sounds of Thunder
dis_021;dis_s2;2019;Light and Shadows
dis_022;dis_s2;2019;If Memory Serves
dis_023;dis_s2;2019;Project Daedalus
dis_024;dis_s2;2019;The Red Angel
dis_025;dis_s2;2019;Perpetual Infinity
dis_026;dis_s2;2019;Through the Valley of Shadows
dis_027;dis_s2;2019;Such Sweet Sorrow part 1
dis_028;dis_s2;2019;Such Sweet Sorrow part 2
dis_029;dis_s3;2020;That Hope Is You
dis_030;dis_s3;2020;Far From Home
dis_031;dis_s3;2020;People of Earth
dis_032;dis_s3;2020;Forget Me Not
dis_033;dis_s3;2020;Die Trying
dis_034;dis_s3;2020;Scavengers
dis_035;dis_s3;2020;Unification III
dis_036;dis_s3;2020;The Sanctuary
dis_037;dis_s3;2020;Terra Firma 1
dis_038;dis_s3;2020;Terra Firma 2
dis_039;dis_s3;2020;Su'Kal
dis_040;dis_s3;2020;There Is A Tide...
dis_041;dis_s3;2020;That Hope Is You part 2
